{"cameraMode":{"drawMode":0,"name":"Shaded","section":"Shading Mode"},"sceneLighting":true,"audioPlay":false,"sceneViewState":{"showFog":true,"showMaterialUpdate":false,"showSkybox":true,"showFlares":true,"showImageEffects":true,"showParticleSystems":true,"showVisualEffectGraphs":true,"m_FxEnabled":true},"in2DMode":false,"pivot":{"x":78.09657287597656,"y":59.355323791503909,"z":79.35406494140625},"rotation":{"x":-0.041655659675598147,"y":0.032960765063762668,"z":0.0013753111707046629,"w":0.9985916018486023},"size":9.410687446594239,"orthographic":false}