{"cameraMode":{"drawMode":0,"name":"Shaded","section":"Shading Mode"},"sceneLighting":true,"audioPlay":false,"sceneViewState":{"showFog":true,"showMaterialUpdate":false,"showSkybox":true,"showFlares":true,"showImageEffects":true,"showParticleSystems":true,"showVisualEffectGraphs":true,"m_FxEnabled":true},"in2DMode":false,"pivot":{"x":84.50655364990235,"y":57.868770599365237,"z":87.74908447265625},"rotation":{"x":0.03455640748143196,"y":-0.11788445711135864,"z":0.0041877939365804199,"w":0.9925002455711365},"size":15.077102661132813,"orthographic":false}