{"cameraMode":{"drawMode":0,"name":"Shaded","section":"Shading Mode"},"sceneLighting":false,"audioPlay":false,"sceneViewState":{"showFog":true,"showMaterialUpdate":false,"showSkybox":false,"showFlares":true,"showImageEffects":true,"showParticleSystems":true,"showVisualEffectGraphs":true,"m_FxEnabled":true},"in2DMode":false,"pivot":{"x":-0.08742654323577881,"y":-2.2764344215393068,"z":-3.04306960105896},"rotation":{"x":0.058749567717313769,"y":-0.032651785761117938,"z":0.002002015011385083,"w":0.9978129267692566},"size":2.6616594791412355,"orthographic":false}