{"cameraMode":{"drawMode":0,"name":"Shaded","section":"Shading Mode"},"sceneLighting":false,"audioPlay":false,"sceneViewState":{"showFog":true,"showMaterialUpdate":false,"showSkybox":false,"showFlares":true,"showImageEffects":true,"showParticleSystems":true,"showVisualEffectGraphs":true,"m_FxEnabled":true},"in2DMode":false,"pivot":{"x":-11.295853614807129,"y":-1.5596600770950318,"z":2.3949499130249025},"rotation":{"x":0.058749567717313769,"y":-0.032651785761117938,"z":0.002002015011385083,"w":0.9978129267692566},"size":2.624307155609131,"orthographic":false}