{"cameraMode":{"drawMode":0,"name":"Shaded","section":"Shading Mode"},"sceneLighting":false,"audioPlay":false,"sceneViewState":{"showFog":true,"showMaterialUpdate":false,"showSkybox":false,"showFlares":true,"showImageEffects":true,"showParticleSystems":true,"showVisualEffectGraphs":true,"m_FxEnabled":true},"in2DMode":false,"pivot":{"x":-3.3747549057006838,"y":-0.14946556091308595,"z":3.697600841522217},"rotation":{"x":0.12590236961841584,"y":-0.29578614234924319,"z":0.03942680358886719,"w":0.946137011051178},"size":20.354488372802736,"orthographic":false}