{"cameraMode":{"drawMode":0,"name":"Shaded","section":"Shading Mode"},"sceneLighting":false,"audioPlay":false,"sceneViewState":{"showFog":true,"showMaterialUpdate":false,"showSkybox":false,"showFlares":true,"showImageEffects":true,"showParticleSystems":true,"showVisualEffectGraphs":true,"m_FxEnabled":true},"in2DMode":false,"pivot":{"x":4.628871917724609,"y":-2.886183261871338,"z":-0.9557046890258789},"rotation":{"x":0.058749567717313769,"y":-0.032651785761117938,"z":0.002002015011385083,"w":0.9978129267692566},"size":9.931127548217774,"orthographic":false}