{"cameraMode":{"drawMode":0,"name":"Shaded","section":"Shading Mode"},"sceneLighting":false,"audioPlay":false,"sceneViewState":{"showFog":true,"showMaterialUpdate":false,"showSkybox":false,"showFlares":true,"showImageEffects":true,"showParticleSystems":true,"showVisualEffectGraphs":true,"m_FxEnabled":true},"in2DMode":false,"pivot":{"x":68.98374938964844,"y":55.81870651245117,"z":78.64698028564453},"rotation":{"x":0.058749567717313769,"y":-0.032651785761117938,"z":0.002002015011385083,"w":0.9978129267692566},"size":3.7432546615600588,"orthographic":false}