{"cameraMode":{"drawMode":0,"name":"Shaded","section":"Shading Mode"},"sceneLighting":false,"audioPlay":false,"sceneViewState":{"showFog":true,"showMaterialUpdate":false,"showSkybox":false,"showFlares":true,"showImageEffects":true,"showParticleSystems":true,"showVisualEffectGraphs":true,"m_FxEnabled":true},"in2DMode":false,"pivot":{"x":79.0532455444336,"y":55.35525894165039,"z":71.46215057373047},"rotation":{"x":0.058749567717313769,"y":-0.032651785761117938,"z":0.002002015011385083,"w":0.9978129267692566},"size":3.2703912258148195,"orthographic":false}